<ImportExportXml version="9.2.24021.180" SolutionPackageVersion="9.2" languagecode="1055" generatedBy="CrmLive" xmlns:xsi="http://www.w3.org/2001/XMLSchema-instance">
  <SolutionManifest>
    <UniqueName>RollBackManagerLab</UniqueName>
    <LocalizedNames>
      <LocalizedName description="RollBackManagerLab" languagecode="1055" />
    </LocalizedNames>
    <Descriptions />
    <Version>1.0.0.0</Version>
    <Managed>0</Managed>
    <Publisher>
      <UniqueName>Crce428</UniqueName>
      <LocalizedNames>
        <LocalizedName description="CDS Default Publisher" languagecode="1055" />
      </LocalizedNames>
      <Descriptions />
      <EMailAddress xsi:nil="true"></EMailAddress>
      <SupportingWebsiteUrl xsi:nil="true"></SupportingWebsiteUrl>
      <CustomizationPrefix>cr70c</CustomizationPrefix>
      <CustomizationOptionValuePrefix>28758</CustomizationOptionValuePrefix>
      <Addresses>
        <Address>
          <AddressNumber>1</AddressNumber>
          <AddressTypeCode xsi:nil="true"></AddressTypeCode>
          <City xsi:nil="true"></City>
          <County xsi:nil="true"></County>
          <Country xsi:nil="true"></Country>
          <Fax xsi:nil="true"></Fax>
          <FreightTermsCode xsi:nil="true"></FreightTermsCode>
          <ImportSequenceNumber xsi:nil="true"></ImportSequenceNumber>
          <Latitude xsi:nil="true"></Latitude>
          <Line1 xsi:nil="true"></Line1>
          <Line2 xsi:nil="true"></Line2>
          <Line3 xsi:nil="true"></Line3>
          <Longitude xsi:nil="true"></Longitude>
          <Name xsi:nil="true"></Name>
          <PostalCode xsi:nil="true"></PostalCode>
          <PostOfficeBox xsi:nil="true"></PostOfficeBox>
          <PrimaryContactName xsi:nil="true"></PrimaryContactName>
          <ShippingMethodCode xsi:nil="true"></ShippingMethodCode>
          <StateOrProvince xsi:nil="true"></StateOrProvince>
          <Telephone1 xsi:nil="true"></Telephone1>
          <Telephone2 xsi:nil="true"></Telephone2>
          <Telephone3 xsi:nil="true"></Telephone3>
          <TimeZoneRuleVersionNumber xsi:nil="true"></TimeZoneRuleVersionNumber>
          <UPSZone xsi:nil="true"></UPSZone>
          <UTCOffset xsi:nil="true"></UTCOffset>
          <UTCConversionTimeZoneCode xsi:nil="true"></UTCConversionTimeZoneCode>
        </Address>
        <Address>
          <AddressNumber>2</AddressNumber>
          <AddressTypeCode xsi:nil="true"></AddressTypeCode>
          <City xsi:nil="true"></City>
          <County xsi:nil="true"></County>
          <Country xsi:nil="true"></Country>
          <Fax xsi:nil="true"></Fax>
          <FreightTermsCode xsi:nil="true"></FreightTermsCode>
          <ImportSequenceNumber xsi:nil="true"></ImportSequenceNumber>
          <Latitude xsi:nil="true"></Latitude>
          <Line1 xsi:nil="true"></Line1>
          <Line2 xsi:nil="true"></Line2>
          <Line3 xsi:nil="true"></Line3>
          <Longitude xsi:nil="true"></Longitude>
          <Name xsi:nil="true"></Name>
          <PostalCode xsi:nil="true"></PostalCode>
          <PostOfficeBox xsi:nil="true"></PostOfficeBox>
          <PrimaryContactName xsi:nil="true"></PrimaryContactName>
          <ShippingMethodCode xsi:nil="true"></ShippingMethodCode>
          <StateOrProvince xsi:nil="true"></StateOrProvince>
          <Telephone1 xsi:nil="true"></Telephone1>
          <Telephone2 xsi:nil="true"></Telephone2>
          <Telephone3 xsi:nil="true"></Telephone3>
          <TimeZoneRuleVersionNumber xsi:nil="true"></TimeZoneRuleVersionNumber>
          <UPSZone xsi:nil="true"></UPSZone>
          <UTCOffset xsi:nil="true"></UTCOffset>
          <UTCConversionTimeZoneCode xsi:nil="true"></UTCConversionTimeZoneCode>
        </Address>
      </Addresses>
    </Publisher>
    <RootComponents>
      <RootComponent type="1" schemaName="cr70c_rollbackmanagerapikey" behavior="0" />
      <RootComponent type="1" schemaName="cr70c_rollbackmanagerlabconfiguration" behavior="0" />
      <RootComponent type="1" schemaName="cr70c_rollbackmanagerlabconfigurationuser" behavior="0" />
      <RootComponent type="1" schemaName="cr70c_rollbackmanagerlabrequest" behavior="0" />
      <RootComponent type="9" schemaName="cr70c_rollbackmanagerlabtransactiontypes" behavior="0" />
      <RootComponent type="20" id="{223d4033-b0c9-ee11-9079-0022489f7416}" behavior="0" />
      <RootComponent type="29" id="{010aa583-9e13-4ec6-9e1e-308340e1d5b2}" behavior="0" />
      <RootComponent type="29" id="{31d0158a-2251-43d3-8efa-18b5f7e6b79c}" behavior="0" />
      <RootComponent type="29" id="{34d10b8d-96c6-45a6-a313-0256a598588d}" behavior="0" />
      <RootComponent type="29" id="{6a5dd624-848c-4f7e-b357-303163edf6ba}" behavior="0" />
      <RootComponent type="29" id="{93161d63-a623-4cb9-aee5-6498407e217d}" behavior="0" />
      <RootComponent type="29" id="{c18df153-cbe5-4d0e-a2f2-aaabee2c523a}" behavior="0" />
      <RootComponent type="29" id="{ea63f701-d881-4732-957a-b46a07b080d8}" behavior="0" />
      <RootComponent type="61" schemaName="cr70c_bootstrap.bundle.min.js" behavior="0" />
      <RootComponent type="61" schemaName="cr70c_bootstrap.min.css" behavior="0" />
      <RootComponent type="61" schemaName="cr70c_jquery-3.7.1.slim.min.js" behavior="0" />
      <RootComponent type="61" schemaName="cr70c_RollbackManagerConfiguration.js" behavior="0" />
      <RootComponent type="61" schemaName="cr70c_RollBackManagerLabRibbon.js" behavior="0" />
      <RootComponent type="61" schemaName="cr70c_RollbackPage.html" behavior="0" />
      <RootComponent type="61" schemaName="cr70c_RollbackPage.js" behavior="0" />
      <RootComponent type="61" schemaName="cr70c_RollBackPageFetch.js" behavior="0" />
      <RootComponent type="62" schemaName="cr70c_RollBackManagerLab" behavior="0" />
      <RootComponent type="80" schemaName="cr70c_RollBackManagerLab" behavior="0" />
      <RootComponent type="91" id="{78fcdd60-a9a8-4fdb-b4a4-619b3129d4be}" schemaName="RollBackManagerLab.CustomFlow, Version=1.0.0.0, Culture=neutral, PublicKeyToken=d89da45de3bb1971" behavior="0" />
      <RootComponent type="92" id="{1607e3e3-92af-ee11-a569-0022489f7416}" behavior="0" />
      <RootComponent type="92" id="{301b0056-acaf-ee11-a569-0022489f7416}" behavior="0" />
      <RootComponent type="92" id="{5037b410-93af-ee11-a569-0022489f7416}" behavior="0" />
      <RootComponent type="92" id="{6ca48142-acaf-ee11-a569-0022489f7416}" behavior="0" />
      <RootComponent type="92" id="{6ca6b954-f8cc-ee11-9079-0022489f7416}" behavior="0" />
      <RootComponent type="92" id="{8b4d6b5f-f8cc-ee11-9079-0022489f7416}" behavior="0" />
      <RootComponent type="92" id="{d0671d1e-dfae-ee11-a569-0022489f7416}" behavior="0" />
    </RootComponents>
    <MissingDependencies>
      <MissingDependency>
        <Required type="61" schemaName="msdyn_/Images/AppModule_Default_Icon.png" displayName="msdyn_/Images/AppModule_Default_Icon.png" solution="AppModuleWebResources (2.5)" />
        <Dependent type="80" schemaName="cr70c_RollBackManagerLab" displayName="RollBackManagerLab" />
      </MissingDependency>
    </MissingDependencies>
  </SolutionManifest>
</ImportExportXml>