<ImportExportXml xmlns:xsi="http://www.w3.org/2001/XMLSchema-instance">
  <Entities>
    <Entity>
      <Name LocalizedName="RollbackManagerLab.Configuration" OriginalName="RollbackManagerLab.Configuration">cr70c_RollbackManagerLabConfiguration</Name>
      <EntityInfo>
        <entity Name="cr70c_RollbackManagerLabConfiguration" unmodified="1">
          <attributes />
        </entity>
      </EntityInfo>
      <RibbonDiffXml>
        <CustomActions>
          <CustomAction Id="cr70c.cr70c_rollbackmanagerlabconfiguration.Button.OpenPage.CustomAction" Location="Mscrm.Form.cr70c_rollbackmanagerlabconfiguration.MainTab.Save.Controls._children" Sequence="38">
            <CommandUIDefinition>
              <Button Alt="$LocLabels:cr70c_rollbackmanagerlabconfiguration.Button.OpenPage.Alt" Command="cr70c_rollbackmanagerlabconfiguration.Command.OpenPage" Id="cr70c_rollbackmanagerlabconfiguration.Button.OpenPage" Image16by16="" LabelText="$LocLabels:cr70c_rollbackmanagerlabconfiguration.Button.OpenPage.LabelText" Sequence="38" TemplateAlias="o1" ToolTipTitle="$LocLabels:cr70c_rollbackmanagerlabconfiguration.Button.OpenPage.ToolTipTitle" ToolTipDescription="$LocLabels:cr70c_rollbackmanagerlabconfiguration.Button.OpenPage.ToolTipDescription" ModernImage="" />
            </CommandUIDefinition>
          </CustomAction>
        </CustomActions>
        <Templates>
          <RibbonTemplates Id="Mscrm.Templates"></RibbonTemplates>
        </Templates>
        <CommandDefinitions>
          <CommandDefinition Id="cr70c_rollbackmanagerlabconfiguration.Command.OpenPage">
            <EnableRules />
            <DisplayRules>
              <DisplayRule Id="cr70c_rollbackmanagerlabconfiguration.DisplayRule.OpenPage" />
            </DisplayRules>
            <Actions>
              <JavaScriptFunction FunctionName="openRollBackPage" Library="$webresource:cr70c_RollBackManagerLabRibbon.js" />
            </Actions>
          </CommandDefinition>
        </CommandDefinitions>
        <RuleDefinitions>
          <TabDisplayRules />
          <DisplayRules>
            <DisplayRule Id="cr70c_rollbackmanagerlabconfiguration.DisplayRule.OpenPage">
              <FormStateRule State="Existing" Default="true" InvertResult="false" />
            </DisplayRule>
          </DisplayRules>
          <EnableRules />
        </RuleDefinitions>
        <LocLabels>
          <LocLabel Id="cr70c_rollbackmanagerlabconfiguration.Button.OpenPage.Alt">
            <Titles>
              <Title description="RollBack Page" languagecode="1055" />
            </Titles>
          </LocLabel>
          <LocLabel Id="cr70c_rollbackmanagerlabconfiguration.Button.OpenPage.LabelText">
            <Titles>
              <Title description="RollBack Page" languagecode="1055" />
            </Titles>
          </LocLabel>
          <LocLabel Id="cr70c_rollbackmanagerlabconfiguration.Button.OpenPage.ToolTipDescription">
            <Titles>
              <Title description="RollBack Page" languagecode="1055" />
            </Titles>
          </LocLabel>
          <LocLabel Id="cr70c_rollbackmanagerlabconfiguration.Button.OpenPage.ToolTipTitle">
            <Titles>
              <Title description="RollBack Page" languagecode="1055" />
            </Titles>
          </LocLabel>
        </LocLabels>
      </RibbonDiffXml>
    </Entity>
  </Entities>
  <Roles></Roles>
  <Workflows></Workflows>
  <FieldSecurityProfiles></FieldSecurityProfiles>
  <Templates />
  <EntityMaps />
  <EntityRelationships />
  <OrganizationSettings />
  <optionsets />
  <CustomControls />
  <EntityDataProviders />
  <Languages>
    <Language>1055</Language>
  </Languages>
</ImportExportXml>